policy,mean_shortfall_bps,std_shortfall_bps,cvar_95_bps,p99_shortfall_bps,worst_shortfall_bps,completion_rate,avg_terminal_inventory,avg_participation_violation_shares
TWAP,5.949650837063587,87.98743437431916,176.39199232552372,189.90848468001514,225.99824954366684,1.0,0.0,99244.73831559077
VWAP,5.949650837063587,87.98743437431916,176.39199232552372,189.90848468001514,225.99824954366684,1.0,0.0,99244.73831559077
Almgren-Chriss,5.949650837063587,87.98743437431916,176.39199232552372,189.90848468001514,225.99824954366684,1.0,0.0,99244.73831559077
Recalibrated AC,5.949650837063587,87.98743437431916,176.39199232552372,189.90848468001514,225.99824954366684,1.0,0.0,99244.73831559077
Neural Policy,5.969016920634965,88.16143752741674,176.74024990141518,190.24640251734846,226.46115595083685,1.0,0.0,99490.36109457104
