policy,n_seeds,mean_shortfall_bps_mean,mean_shortfall_bps_std,std_shortfall_bps_mean,std_shortfall_bps_std,cvar_95_bps_mean,cvar_95_bps_std,p99_shortfall_bps_mean,p99_shortfall_bps_std,worst_shortfall_bps_mean,worst_shortfall_bps_std,completion_rate_mean,completion_rate_std,avg_terminal_inventory_mean,avg_terminal_inventory_std,avg_participation_violation_shares_mean,avg_participation_violation_shares_std
TWAP,5,2.3825853653090245,5.846560654604116,83.94339192256764,4.557934418607785,179.0262129326997,10.736882486036954,201.1135900383004,22.28740225986985,263.488864118316,57.11994284927439,1.0,0.0,0.0,0.0,99239.00998677328,8.409188596934012
VWAP,5,2.3825853653090245,5.846560654604116,83.94339192256764,4.557934418607785,179.0262129326997,10.736882486036954,201.1135900383004,22.28740225986985,263.488864118316,57.11994284927439,1.0,0.0,0.0,0.0,99239.00998677328,8.409188596934012
Almgren-Chriss,5,2.3825853653090245,5.846560654604116,83.94339192256764,4.557934418607785,179.0262129326997,10.736882486036954,201.1135900383004,22.28740225986985,263.488864118316,57.11994284927439,1.0,0.0,0.0,0.0,99239.00998677328,8.409188596934012
Recalibrated AC,5,2.3825853653090245,5.846560654604116,83.94339192256764,4.557934418607785,179.0262129326997,10.736882486036954,201.1135900383004,22.28740225986985,263.488864118316,57.11994284927439,1.0,0.0,0.0,0.0,99239.00998677328,8.409188596934012
Neural Policy,5,2.387995754525258,5.855322527257267,84.10004085902057,4.570221906374002,179.35260221086463,10.767454614709628,201.47834274575797,22.33079849655183,264.02675917653403,57.2548529206962,1.0,0.0,0.0,0.0,99483.46950102542,6.416359793106076
