feature,mean_absolute_fraction_change,max_absolute_fraction_change,signed_mean_fraction_change,baseline_fraction_std
current_volume,0.001518757315352559,0.010058462619781494,0.0004537987697403878,0.003343849442899227
temporary_impact,0.0014637676067650318,0.015257835388183594,0.000638721277937293,0.003343849442899227
time_remaining,0.001250776811502874,0.002705782651901245,5.2780917030759156e-05,0.003343849442899227
inventory_fraction,0.0007378223817795515,0.004553705453872681,-0.0007338463328778744,0.003343849442899227
expected_volume,0.0006597497849725187,0.003564000129699707,-0.00027307492564432323,0.003343849442899227
time_elapsed,0.0003109617391601205,0.0012800097465515137,5.4254829592537135e-05,0.003343849442899227
volatility,0.000247462245170027,0.0026800930500030518,6.858431152068079e-05,0.003343849442899227
price_return,2.823285831254907e-05,0.000251084566116333,-3.972872946178541e-06,0.003343849442899227
transient_impact,3.289431305120161e-08,1.1920928955078125e-07,7.264316259636416e-09,0.003343849442899227
